ex:82944	แม่วัดไข้ให้ฉัน
ex:137987	วัดไข้กันหน่อย
ex:220636	จะเปิดพจนานุกรมหาคำนี้
ex:200778	ทำงานที่ไหน
ex:200910	ทำงานที่บริษัทไหน
ex:171530	วันนี้จะอภิปรายปัญหานี้ในแง่ศีลธรรม
ex:218848	นี่คือกุญแจไขปริศนาทั้งหมด
ex:209960	คดีนั้นยังคงเป็นปริศนาจนถึงทุกวันนี้
ex:108703	เขาถอดแว่น
ex:152544	ฉันถูกคัดออกจากทีมเบสบอล
ex:80930	รู้สึกเหมือนถูกเมิน
ex:99936	เขาเพิกเฉยต่อคำเตือนของผม
ex:370036	ช่วงก่อนรุ่งสางเป็นช่วงที่มืดที่สุด
ex:165069	เราตื่นตอนรุ่งสาง
ex:144633	อย่านินทาว่าร้ายคนอื่น
ex:138519	ไม่ควรพูดให้ร้ายคนอื่น
ex:201607	กรุณาเปิดไฟ
ex:124125	ไฟดับอยู่
ex:193052	หมอนั่นหักหลังฉัน!
ex:2318385	เขาทรยศ
ex:226329	กาลครั้งหนึ่งมีพระราชาผู้โหดร้าย
ex:76375	สิงโตคือราชาแห่งสัตว์
ex:188031	เกิดอะไรขึ้น
ex:188001	จะเกิดอะไรขึ้นนะ
ex:114251	เขาคงจะมา
ex:227670	อากาศคงจะดี
ex:180419	อย่ากลัว
ex:123751	สัตว์กลัวไฟ
ex:78862	ฉันกรอกชื่อลงในแบบฟอร์ม
ex:142487	กรุณากรอกแบบฟอร์มสำแดงศุลกากร
ex:173694	โชคดีที่อากาศดี
ex:160665	โชคดีที่ไม่ได้รับบาดเจ็บ
ex:78411	พายุสร้างความเสียหายมากต่อพืชผล
ex:78460	พืชผลเสียหายหนักเพราะพายุ
ex:146658	กรุณารอสักครู่
ex:105587	เขาช่วยฉันให้พ้นจากอันตราย
ex:209358	คนที่ช่วยเด็กผู้หญิงคนนั้นคือทอม
ex:151019	การแข่งขันมาถึงจุดสูงสุด
ex:224471	มาที่นี่ยังไง
ex:75073	ทำไมชุดเทนนิสถึงเป็นกระโปรงสั้นนะ
ex:393833	คณะรัฐมนตรีส่งประกาศเวียน
ex:7957077	ทอม ช่วยสตาร์ตมอเตอร์หน่อย
ex:106055	เขาส่งสัญญาณมือให้ฉัน
ex:106476	เขาส่งสัญญาณให้หยุด
ex:214761	เดี๋ยวตามไปทันนะ
ex:174336	เดี๋ยวตามไปทีหลัง
ex:185050	เห็นเรือประมงห่างจากชายฝั่งราว 1 ไมล์
ex:207487	เกาะนั้นอยู่กลางทะเลห่างจากชายฝั่งราว 2 ไมล์
ex:123150	ภาคเรียนที่สองจบแล้ว
ex:170128	เมื่อวานภาคเรียนที่ 2 จบแล้ว
ex:108601	เขาอารมณ์เสียอยู่
ex:108602	เอาใจเขายาก
ex:150094	ธรรมชาติเกลียดสุญญากาศ
ex:215209	จอห์นนั่งกอดอก
ex:123059	ทั้งสองคนเดินคล้องแขนกัน
ex:113454	เขาตัดสินใจได้เร็ว
ex:179349	ถึงสนามบินแล้วจะโทรหาทันที
ex:227978	เอดิสันประดิษฐ์หลอดไฟ
ex:10536797	ใครเป็นคนประดิษฐ์นะ
ex:81179	หากเกิดเหตุฉุกเฉิน โทรมาที่เบอร์นี้
ex:81151	เผื่อว่าล้มเหลวขึ้นมา พ่อแม่จะว่ายังไงนะ
ex:80085	ไม้ติดไฟง่าย
ex:152295	เราเคารพเขาเพราะเขามีมารยาท
ex:77298	เขารู้จักมารยาทที่ลุกให้คนแก่นั่ง
ex:217725	ทั้งหมดนี้ยกมาจากคัมภีร์ไบเบิล
ex:191223	ข้อความต่อไปนี้ยกมาจากนิทานชื่อดัง
ex:184705	ยาบางอย่างก็เป็นอันตราย
ex:196170	ถ้าดื่มพอประมาณ แอลกอฮอล์ก็ไม่เป็นอันตราย
ex:144053	กำลังนับจำนวนคน
ex:235380	นับถึง 30
ex:222131	ตั๋วนี้ใช้ได้ 2 สัปดาห์
ex:123962	มีตั๋ววันนี้ไหม
ex:235558	มีเหรียญ 25 เซนต์ไหม
ex:220157	ตู้นี้รับแค่เหรียญร้อยเยน
ex:226268	คนอเมริกันไม่น้อยชอบซูชิ
ex:121975	แมวชอบปลามากกว่าเนื้อ
ex:136624	ทุกคนเคารพเขา
ex:185001	ทุกคนเคารพเขา
ex:150609	หมดเวลา ส่งกระดาษคำตอบ
ex:121808	เวลาผ่านไปหลายปี
ex:235574	20 ปีเป็นเวลาที่ยาวนาน
ex:201176	ดูเหมือนจะฟันผุ
ex:126313	ไม่มีฟันผุเลยสักซี่
ex:148614	อย่าขยับมือ
ex:82968	แม่บอกให้ฉันตัดหญ้า
ex:101247	เขาตัดผมสั้น
ex:179537	เจ็บ หยุดนะ
ex:173662	ขอให้โชคดี
ex:216667	รายละเอียดเพิ่มเติมดูหน้า 16
ex:74564	สิงโตแยกเขี้ยวมากขึ้นอีก
ex:99585	เขามีกำหนดจะเข้าโตเกียวพรุ่งนี้
ex:115217	เขาเข้าโตเกียวปีละ 1 ครั้ง
ex:104140	เขามัดกิ่งไม้เล็กๆ เป็นมัด
ex:237445	เขามัดจดหมายเก่าเป็นปึก
ex:93731	เธอลองแล้ว
ex:223595	ลองซอสนี้ดูสิ
ex:80032	ไม่ต้องกลุ้มอยู่คนเดียวหรอก
ex:170956	เธอกลุ้มใจเรื่องเล็กๆ น้อยๆ เสมอ
ex:78270	ขนสวยทำให้นกดูสวย (คนดูดีเพราะการแต่งตัว)
ex:203602	นกกระจอกเทศมีปีกแต่บินไม่ได้
ex:104552	ดูเหมือนตอนหนุ่มๆ เขาจะยากจน
ex:2280973	ไม่คาดคิดเลยว่าวันนี้จะคุยเรื่องนี้กัน
ex:227760	ทุกคนสบายดี ขอบคุณ
ex:124937	มีข้อความฝากไว้
ex:227272	ถ้าต้องการเงิน จะให้ยืมบ้าง
ex:236768	อย่าหวังว่าฉันจะช่วยอะไรได้มาก
ex:200948	ไปตัดผมที่ไหนมา
ex:75804	เขาหวีผมเสยไปด้านหลัง
ex:504447	คำนี้เป็นคำที่ไม่มีใครใช้แล้ว
ex:222016	คำนี้แปลว่าอะไร
ex:229274	ถึงจะซอมซ่อแค่ไหน ก็ไม่มีที่ไหนสู้บ้านเราได้
ex:98322	พวกเขาต่อสู้กับเผด็จการ
ex:103553	เขาต่อสู้กับการเหยียดเชื้อชาติ
ex:230312	อย่าพึ่งพาคนอื่นมากเกินไป
ex:77720	ลิงไม่มีหางมีสติปัญญาสูง
ex:84896	คนที่มีสติปัญญาปกติน่าจะเข้าใจเรื่องนี้
ex:157515	ฉันบังเอิญเจอเขา
ex:125274	การออกกำลังกายพอประมาณดีต่อร่างกาย
ex:125283	การออกกำลังกายพอประมาณช่วยให้เลือดไหลเวียนดี
ex:189983	จะดึงแล้วนะ
ex:104605	ถึงจะยังหนุ่ม แต่เขาก็มีความสามารถ
ex:77277	ชายชราเล่าเหตุการณ์ขำๆ นั้นให้เราฟัง
ex:217679	ช่วยแลกเป็นดอลลาร์ให้หน่อย
ex:77982	อยากแลกเงิน
ex:77134	ช่วยหลบไปข้างๆ หน่อยได้ไหม
ex:77137	อย่ามาพูดแทรกข้างๆ สิ
ex:179295	ดูจากท้องฟ้าแล้ว คืนนี้หิมะอาจตก
ex:234360	รอบๆ เงียบสงบ
ex:234752	โอ้ น่ากลัวจริงๆ
ex:157616	ฉันฝันร้าย
ex:109767	เขาว่ายน้ำเก่ง
ex:91078	เธอว่ายน้ำเก่ง
ex:74914	ต้องการให้ย่างเนื้อระดับไหน
ex:175245	หมาถูกล่ามโซ่ไว้กับเสา
ex:175358	ควรล่ามหมาไว้ จะได้ไม่กัด
ex:159712	จะเขียนบนกระดานดำนะ
ex:172973	ดูกระดานดำ
ex:104262	เขาอยู่ในห้องหนังสือ
ex:184554	ช่วยตรวจสอบให้แน่ใจหน่อย
ex:156412	ฉันดูเวลาจากนาฬิกา
ex:147381	ช่วยด้วย
ex:136892	ใครก็ได้ช่วยด้วย
ex:176639	นักสืบได้หลักฐานแน่ชัดว่าชายคนนั้นมีความผิด
ex:201449	ทำไมจับมือฉันไว้ล่ะ
ex:203435	สูบบุหรี่ให้น้อยลง
ex:236875	ฉันว่าเธอควรกินให้น้อยลง
ex:137972	น้ำหนักลดไหม
ex:89722	เธอฝากลูกไว้กับป้า
ex:183024	อยากฝากของมีค่า
ex:165546	เราต้องจ่ายภาษี
