ex:9665549	เป็นเวลากลางคืนแล้ว
ex:11776653	เป็นสีเขียว
ex:13260811	เขาเป็นสามีของฉัน
ex:13756243	ฉันเป็นผู้หญิง
ex:80876	ฟรี ไม่เสียเงิน
ex:83391	แปลกจังนะ
ex:12425324	ฉันไม่ใช่หมานะ
ex:204707	ไม่ใช่หนังสือของฉัน
ex:11267836	คุณไม่ได้ป่วยหรอก
ex:11792742	ฉันไม่ใช่ศาสตราจารย์นะ
ex:9740661	ฉันไม่ใช่แมว
ex:10181335	ไม่ใช่น้ำดื่ม
ex:12055984	เป็นความผิดพลาด (เมื่อกี้)
ex:198603	เมื่อกี้เป็นหนู
ex:792528	เป็นยังไงบ้าง (ที่ผ่านมา)
ex:1680694	เป็นยังไงบ้าง (ที่ผ่านมา)?
ex:10305979	ราคา 3 ดอลลาร์ (ตอนนั้น)
ex:10477570	ฉันเคยเป็นโค้ช
ex:187850	อะไรหรือ?
ex:4561566	จะมาไหม?
ex:6537568	ว่างไหม?
ex:13197323	คุณคือใคร?
ex:13611135	ฉันหรือ?
ex:5059	กี่โมงแล้ว?
ex:991654	ตาของใคร?
ex:8755524	ตาของฉันหรือ?
ex:3550819	เสียงเมื่อกี้คืออะไร?
ex:11254125	คราบอะไร?
ex:11940212	ดอกไม้ของจริงหรือ?
ex:230689	คนนั้นคือใคร?
ex:3551493	เสียงนี้คืออะไร?
ex:219783	หนังสือเล่มนี้
ex:4769892	รถคันนี้ของใคร?
ex:4769896	ร่มคันนี้ของใคร?
ex:10574670	เด็กคนนั้นคือใคร?
ex:1019463	ฉันก็ไปด้วย
ex:152192	ฉันก็ไปด้วย (แล้ว)
ex:3507486	ไม่ต้องพูดอะไรทั้งนั้น
ex:11052314	ฉันก็อยากดูด้วย!
ex:12098575	พรุ่งนี้ก็มาด้วยไหม?
ex:1484573	จะเรียนรู้
ex:2465467	จะไปสาย
ex:2568075	รอได้
ex:3357767	จะลาออก
ex:122102	มีคนอยู่ข้างใน
ex:127073	ไม่รู้
ex:1754451	ไม่ต้องการ
ex:9082872	ไม่ร้องเพลง
ex:11052203	เข้าไม่ได้
ex:349070	ไม่เข้าใจ
ex:1683427	เริ่มแล้ว
ex:2492490	กินแล้ว
ex:5253032	ลืมไปแล้ว
ex:9032787	ซ่อมแล้ว
ex:10682208	ยอมแพ้แล้ว
ex:898046	ไม่มีใครอยู่เลย (ตอนนั้น)
ex:3697532	ไม่รู้มาก่อนเหรอ?
ex:8547359	เขาขยับตัวไม่ได้ (ตอนนั้น)
ex:192754	เมื่อกี้ได้ยินไม่ชัด
ex:8218534	ไม่ได้เห็นทอมเหรอ?
ex:11005182	ไม่ค่อยเหนื่อยเท่าไร (ตอนนั้น)
ex:139208	ไปกันเถอะ
ex:442923	เริ่มกันเถอะ
ex:9101667	กินกันเถอะ
ex:10330109	นั่งกันเถอะ
ex:10644041	ลืมมันไปเถอะ!
ex:140285	วิ่งด้วยกันไหม?
ex:9964555	นั่งกันไหม?
ex:10659320	ไปด้วยกันไหม?
ex:4856	มาบ้านเราไหม?
ex:169347	ไปเดินเล่นกันไหม?
ex:778207	เห็นหมา
ex:1034637	มองฉันสิ
ex:2075046	เห็นเขา
ex:2349148	ดูเขาสิ
ex:1515953	มาที่บ้านสิ
ex:1215216	มาที่นี่สิ
ex:1516317	มาที่บ้านสิ
ex:1516341	มาที่บ้านนะ!
ex:5762757	จะออกไปตอนกี่โมง?
ex:2758013	ไปโรงเรียน
ex:173836	ไปทางโน้นไป!
ex:1296640	ไปทางโน้นไป!
ex:1780301	จะไปไหน?
ex:4870376	จะไปไหน?
ex:158260	ฉันไปที่สถานี
ex:149096	ไปด้วยรถยนต์กันเถอะ
ex:11364768	ไปคนเดียวสิ!
ex:13180097	พูดเป็นภาษาอังกฤษสิ!
ex:13223996	ไปคนเดียว
ex:11800995	ส่วนสูงและน้ำหนักเท่าไร?
ex:11047968	มีพี่สาวและน้องชาย
ex:119188	เขาและฉันเป็นครู
ex:119189	เขาและฉันเป็นพี่น้องกัน
ex:164888	มาด้วยกันกับฉันไหม?
ex:144672	คุยกับคนไม่ได้
ex:10931319	เกลียดการทำความสะอาดและการซักผ้า
ex:182093	ขายปลาและเนื้อ เป็นต้น
ex:10982419	ฉันไม่ชอบการทำความสะอาดและการซักผ้า
ex:1553819	ชอบชาหรือกาแฟ อะไรพวกนี้ไหม?
ex:182280	นมนำไปทำเป็นเนยและชีส เป็นต้น
ex:6828192	มีรถ
ex:6828198	มีหมาอยู่
ex:6828199	มีคนอยู่
ex:6828201	มีกล่องอยู่
ex:85582	มีไข้ต่ำๆ
ex:121892	ไม่มีไข้
ex:121893	มีไข้ไหม?
ex:149535	มีคำถาม
ex:168885	มีพี่สาวหรือน้องสาวไหม?
ex:10668795	หิมะตกตั้งแต่วันจันทร์ถึงวันศุกร์
ex:115005	เขาทำงานตั้งแต่ 9 โมงถึง 5 โมงครึ่ง
ex:10680240	ทำงานตั้งแต่วันจันทร์ถึงวันเสาร์นะ
ex:141970	หิมะตกตั้งแต่วันจันทร์ถึงวันศุกร์เลย
ex:2098546	จากที่นี่ถึงสถานีระยะทาง 2 ไมล์
ex:10619357	เพราะดึกแล้ว จะกลับบ้านนะ
ex:9199863	เพราะเหนื่อยแล้ว จะเข้านอนเร็วหน่อย
ex:9755700	เพราะหนาว ขอปิดหน้าต่างได้ไหม?
ex:10762843	เพราะเหนื่อย เลยเข้านอนเร็ว
ex:139849	เพราะมืด ระวังทางเดินด้วย
ex:10198658	เพราะเหนื่อย เลยกลับบ้าน
ex:10901849	รถยนต์แพง แต่สะดวก
ex:4250969	บ้านเล็ก แต่สวย
ex:84634	พ่อว่ายน้ำได้ แต่แม่ว่ายน้ำไม่ได้
ex:10899495	ร้านนั้นถูก แต่ไม่อร่อย
ex:10984944	ตอนเช้าฝนตก แต่ตอนนี้ท้องฟ้าแจ่มใส
ex:10472598	เล่นกีตาร์ แต่ไม่ร้องเพลง
ex:142855	อยากมีชีวิตอยู่
ex:157454	อยากเจอ
ex:3552065	อยากพัก
ex:13243133	อยากไป
ex:8511064	อยากไปร่วมงาน
ex:9944533	อยากกอด
ex:5272	อยากได้ลูกอม
ex:2040863	อยากได้ลูกไหม?
ex:3488059	อยากได้อันนี้
ex:146189	เชิญขึ้นรถเลยค่ะ
ex:1213083	ช่วยร้องเพลงหน่อย
ex:8576118	ช่วยฟังหน่อย
ex:8984696	ช่วยหลบหน่อย
ex:9101656	เชิญเข้ามาเลย!
ex:9928606	ช่วยซ่อมหน่อย
ex:122954	พระอาทิตย์ขึ้นอยู่
ex:123257	ท้องฟ้ามีเมฆครึ้มอยู่
ex:143013	ท้องฟ้าแจ่มใสอยู่
ex:5955826	มีอยู่ (ถืออยู่)
ex:13221009	รักนะ
ex:3558978	ขอเปลี่ยนเรื่องได้ไหม?
ex:3559172	ขอมาอีกได้ไหม?
ex:10622645	ขอกอดได้ไหม?
ex:11768024	พรุ่งนี้ก็ได้นะ
ex:12377000	ขอนอนข้างนอกได้ไหม?
ex:12399827	ทำได้เหรอ?
ex:741581	ห้ามกิน
ex:80888	ห้ามฝืนตัวเองนะ
ex:84122	ห้ามออกจากห้อง
ex:140356	ห้ามเปิดหน้าต่างนะ
ex:224260	ห้ามมาที่นี่
ex:2125062	ห้ามทำอันนี้
ex:123791	อย่าขยับนะ
ex:880129	อย่าลืมนะ
ex:2006378	อย่าไปเลย
ex:11041709	อย่าลาออกเลย
ex:11648590	อย่าวิ่ง
ex:1200727	อย่ามองอีกเลย!
ex:2562499	มาเร็วไป (มาถึงเร็ว)
ex:3507428	หนาวจัง (ที่ผ่านมา)
ex:3507430	มืด (ตอนนั้น)
ex:8692044	หนาวไหม (ที่ผ่านมา)?
ex:3507429	เย็นเฉียบ (ตอนนั้น)
ex:5207944	สนุกมาก (ที่ผ่านมา)
ex:191445	ไม่เลวนะ
ex:1751989	ไม่สนุก
ex:2243423	ไม่หนาวเหรอ?
ex:3126024	ไม่ร้อนเหรอ?
ex:10298660	ไม่หนาวหรอก
ex:9237412	ไม่เลวเลย!
ex:3557593	ไม่ชอบหมา
ex:8874675	เกลียดแมว
ex:6537582	ชอบสีฟ้า
ex:8665421	ชอบดอกไม้ป่า
ex:9176955	ชอบพาย
ex:179719	ทองหนักกว่าเหล็ก
ex:179732	ทองหนักกว่าเงิน
ex:11795628	เขาแก่กว่าฉัน 5 ปี
ex:143730	น้ำหนักกว่าน้ำมัน
ex:188813	เงินเยนถูกกว่าดอลลาร์
ex:11138359	ชอบฤดูร้อนที่สุด
ex:2626290	ทอมแข็งแรงที่สุด
ex:2626295	ทอมอายุมากที่สุด
ex:8623848	ชอบอันนี้ที่สุด
ex:8623849	อันนี้ดีที่สุด
ex:10155831	บอสตันดีที่สุด!
ex:10617667	กินเสร็จแล้วก็นอน
ex:11017844	กลับบ้านแล้วจะอ่านหนังสือนะ
ex:11588471	ดูหนังเสร็จแล้วค่อยนอนกันนะ
ex:148633	ยกมือก่อนแล้วค่อยตอบ
ex:235273	ผ่านไป 3 วันแล้วจึงมีคำตอบกลับมา
ex:10809869	ดูทีวีเสร็จแล้วจะทำการบ้านนะ
ex:234964	ก่อน 7 โมงนะ
ex:193032	ลงมือก่อนที่จะโดนเล่นงาน
ex:6956277	เคาะประตูก่อนเข้า
ex:9826422	อย่ามาก่อน 6 โมง
ex:155772	แปรงฟันก่อนนอน
ex:191271	จะกลับก่อนมืด
ex:169135	หลังเลิกงานไปดื่มสักแก้วไหม?
ex:201964	ดูทีวีเสร็จแล้วจะทำการบ้าน
ex:167685	หลังจากฉันออกไปแล้ว เขาก็มาถึง
ex:9777026	หลังเลิกงานเจอกันดีไหม?
ex:1678509	นอนหลับสบาย หลังจากนั้นก็รู้สึกดีขึ้น
ex:234978	ฉันดูเรื่องนั้นหลังข่าว 7 โมง
ex:8532662	โทรมาตอนไหนก็ได้ที่สะดวก
ex:8965585	ตอนนั้นเห็นอะไร?
ex:9042094	ตอนอายุ 6 ขวบว่ายน้ำเป็นไหม?
ex:10987980	ขอโทษเรื่องตอนนั้นนะ
ex:794260	ทำตอนที่ว่างนะ
ex:187458	กี่โมงแล้วคะ (คงจะ)?
ex:11761196	คงเหนื่อยแย่เลย
ex:77841	คงจะดีขึ้น
ex:83729	เข้าใจแล้วใช่ไหม?
ex:125694	เจ็บใช่ไหม?
ex:142006	คงจะมีหิมะตก
ex:186822	ว่างอยู่นะ
ex:10724051	เป็นฤดูใบไม้ร่วงแล้วเนอะ
ex:5018736	มาดูสิ
ex:1484864	มาหาหน่อย
ex:1516338	มาเที่ยวเล่นสิ!
ex:2411773	ไปดูกันเถอะ
ex:79199	มาเที่ยวเล่นนะ
ex:1624708	ไปดูทะเลกันเถอะ
ex:11603448	แค่ฉันคนเดียวเหรอ?
ex:10651807	แค่พูดเฉยๆ
ex:10651806	แค่ปากพูดเท่านั้น
ex:433715	แค่นั้นเอง
ex:3507406	เรื่องมีแค่นั้นเหรอ?
ex:175178	แค่ดูเฉยๆ
ex:9977275	ประมาณกี่โมง?
ex:8762347	ประมาณ 5 โมงนะ
ex:187337	จะไปประมาณกี่วัน?
ex:11839622	ผ่านไปประมาณ 2 ชั่วโมงแล้ว
ex:187338	ใช้เวลาประมาณกี่วันกว่าจะถึง?
ex:187339	ใช้เวลาประมาณกี่วันกว่าจะถึง?
ex:187461	ราวๆ กี่โมง?
ex:148071	ราวๆ 10 โมงหรือ?
ex:1751944	มาถึงราวๆ กี่โมง?
ex:1751953	จะกลับราวๆ กี่โมง?
ex:152256	ฉันตื่นราวๆ 6 โมง
ex:12098501	จะกลายเป็นกลางคืน
ex:483531	เข้าฤดูใบไม้ผลิแล้ว
ex:4944207	ใหญ่ขึ้น
ex:8691512	ดีขึ้นหรือยัง?
ex:11195183	หนาวขึ้นแล้ว
ex:123862	ปวดหัวขึ้นมา
