w:2846738:1	อะไร
w:2846738:2	กี่... (คำนำหน้าลักษณนาม เช่น 何人 กี่คน)
w:2846738:3	หลาย..., ตั้งหลาย... (เช่น 何年も หลายปี)
w:2846738:4	สองสาม..., บาง...
w:1463480:1	คึกคัก, พลุกพล่าน, รุ่งเรือง
w:1463480:2	ครึกครื้น, เสียงดังเฮฮา, สนุกสนาน
w:1464900:1	วันอาทิตย์
w:1091500:1	ข่าว
w:1183300:1	อุ่นๆ, ไม่ร้อนไม่เย็น (อุณหภูมิที่ควรร้อนหรือเย็นกว่านี้)
w:1183300:2	ไม่เข้มงวด, หละหลวม
w:1092820:1	เนกไท
w:1093450:1	สมุดโน้ต	คำย่อ
w:1093450:2	การจดบันทึก
w:1093450:3	ตัวโน้ต (ดนตรี)
w:1093450:4	โน้ตบุ๊ก (คอมพิวเตอร์)	คำย่อ
w:1100760:1	งานเลี้ยง, ปาร์ตี้
w:1100760:2	คณะ (ปีนเขา ฯลฯ)
w:1100760:3	พรรค (การเมือง)
w:1010080:1	ครับ/ค่ะ, ใช่	คำสุภาพ
w:1010080:2	เข้าใจแล้ว, ได้, โอเค
w:1010080:3	มาครับ/ค่ะ (ขานรับเวลาเรียกชื่อ)
w:1010080:4	หา?, อะไรนะ?	ภาษาพูด
w:1010080:5	นี่ครับ/ค่ะ, เอ้า (ยื่นของให้)
w:1010080:6	ฮึ้ย (ไล่ม้าให้วิ่ง)
w:1546590:1	ไปรษณียบัตร	คำย่อ
w:1546590:2	บันทึก, การ์ด
w:1607260:1	สวม, ใส่ (กางเกง, กระโปรง, รองเท้า, ถุงเท้า)	ใช้กับท่อนล่าง; ท่อนบนใช้ 着る
w:1607260:2	เหน็บ (ดาบ) ที่เอว
w:1607260:3	ขึงสายธนู	คำโบราณ
w:1342550:1	เป็นครั้งแรก
w:1342550:2	จนกระทั่ง...จึง... (ในรูป ～てはじめて)
w:1342550:3	ครั้งแรก	ภาษาพูด
w:1098390:1	รถบัส, รถเมล์
w:1098390:2	บัส (สายส่งข้อมูลในคอมพิวเตอร์)
w:1098620:1	เนย
w:1600790:1	อายุ 20 ปี
w:1600790:2	ยี่สิบ	คำโบราณ
w:1451150:1	ทำงาน
w:1451150:2	ทำหน้าที่, ได้ผล, มีผล
w:1451150:3	ก่อ (อาชญากรรม), กระทำ
w:1451150:4	ผันรูป (ไวยากรณ์)
w:1600850:1	วันที่ 20 ของเดือน
w:1600850:2	20 วัน (ยี่สิบวัน)
w:1103090:1	ขนมปัง
w:1103090:2	ปากท้อง, อาหารหลัก (ในความหมายเปรียบเทียบ)
w:1096420:1	ผ้าเช็ดหน้า	คำย่อ
w:1601340:1	อาหารเย็น
w:1169250:1	ดึง, ลาก, จูง (ม้า)
w:1169250:2	ดึงดูด (ความสนใจ, ความเห็นใจ)
w:1169250:3	ดึงกลับ (มือ), หด (คาง, ท้อง)
w:1169250:4	จั่ว (ไพ่)
w:1169250:5	ขีด (เส้น), วาง (แผน)
w:1169250:6	เป็น (หวัด)	เช่น 風邪を引く = เป็นหวัด
w:1169250:7	เล่น (เครื่องดนตรีประเภทสายหรือคีย์บอร์ด)	มักเขียน 弾く
w:1169250:8	เปิด (พจนานุกรม), ค้นหา
w:1169250:9	ลาก (รถ)
w:1169250:10	ลบ (เลข), หักออก
w:1169250:11	ลดลง, (น้ำ) ลง, จางลง
w:1169250:12	สืบเชื้อสาย, ได้รับ (ลักษณะ) มาจาก
w:1169250:13	อ้างอิง, ยกมา (เป็นหลักฐาน)
w:1169250:14	ติดตั้ง (ไฟฟ้า, แก๊ส, โทรศัพท์), ต่อ (น้ำ)
w:1169250:15	ลากเสียง (โน้ต) ยาว
w:1169250:16	ทา (ลิปสติก), ทาน้ำมัน (กระทะ), ลงแว็กซ์ (พื้น)
w:1169250:17	ถอย, ถอยกลับ
w:1169250:18	(อาการบวม) ลดลง, ยุบ
w:1169250:19	ลาออก, เกษียณ
w:1169250:20	รู้สึกไม่โอเค, ถอย (กับคำพูด/พฤติกรรมของใคร)	ภาษาพูด
w:1169250:21	ถอยหมาก (ในหมากล้อม)
w:1419370:1	เล่น (เครื่องดนตรีประเภทสายหรือคีย์บอร์ด เช่น เปียโน, กีตาร์)
w:1580640:1	คน, ใครบางคน
w:1580640:2	มนุษย์, มนุษยชาติ
w:1580640:3	มนุษย์ (สปีชีส์ Homo sapiens)
w:1580640:4	คนอื่น
w:1580640:5	นิสัย, บุคลิก
w:1580640:6	คนที่มีความสามารถ, คนที่เหมาะสม
w:1580640:7	ผู้ใหญ่
w:1580640:8	ฉัน, คนเรา (พูดถึงตัวเองอ้อมๆ)
w:1162130:1	หนึ่งเดือน
w:1602340:1	อาหารกลางวัน
w:1109380:1	ฟิล์ม
w:1115150:1	สระว่ายน้ำ
w:1115150:2	พูล (บิลเลียด)
w:1115150:3	การรวมกองทุน, การรวบรวม (เงิน, ทรัพยากร)
w:1115150:4	การรวมหัวกำหนดราคา
w:1110110:1	ส้อม
w:1110110:2	ลูกฟอร์กบอล (เบสบอล)	คำย่อ
w:1370760:1	(ลม) พัด
w:1370760:2	เป่า (ลมหายใจ), เป่า (ชาร้อน, เทียน)
w:1370760:3	เป่า (เครื่องเป่า, นกหวีด), ผิวปาก (เป็นเพลง)
w:1370760:4	พ่น (ควัน, ไฟ)
w:1370760:5	แตกหน่อ, ผลิตา
w:1370760:6	ปรากฏบนผิว, เกิดคราบ (สนิม, ผง)
w:1370760:7	หลุดขำ, ระเบิดหัวเราะ	คำสแลง
w:1370760:8	โม้, คุยโว
w:1370760:9	ถลุง (โลหะ), หล่อเหรียญ
w:1462900:1	วันที่ 2 ของเดือน
w:1462900:2	สองวัน
w:1120410:1	หน้า (หนังสือ)
w:1120410:2	หน้าที่... (เช่น หน้าที่ 5)
w:1119650:1	เตียง
w:1120990:1	สัตว์เลี้ยง
w:1120990:2	ทรัมเป็ต	คำย่อ
w:1121380:1	ปากกา
w:1123590:1	ปากกาลูกลื่น
w:1203260:1	ที่อื่น, ข้างนอก
w:1203260:2	อื่น, อันอื่น, คนอื่น, ที่เหลือ
w:1203260:3	เกินกว่า (ที่คาด, จินตนาการ)
w:1203260:4	นอกจาก, ยกเว้น
w:1203260:5	นอกจากนี้, นอกเหนือจาก
w:1124970:1	กระเป๋าเสื้อ, กระเป๋ากางเกง
w:1125150:1	ตู้ไปรษณีย์
w:1125150:2	ตำแหน่ง (งาน)
w:1125150:3	เสา (เช่น เสาประตูฟุตบอล)
w:1125150:4	โพสต์ (ในบล็อก, โซเชียล)
w:1125150:5	หลัง... (เช่น หลังสงครามเย็น)
w:1122650:1	โรงแรม
w:1522150:1	หนังสือ, เล่ม, บท (ละคร)
w:1522150:2	...นี้, ...ปัจจุบัน, ...ที่กล่าวถึง (คำนำหน้า)
w:1522150:3	หลัก, สำนักงานใหญ่ (คำนำหน้า)
w:1522150:4	แท้, จริง, ปกติ (คำนำหน้า)
w:1522150:5	ลักษณนามของยาวเรียว (ไม้, ขวด, ปากกา, เสา, แม่น้ำ ฯลฯ)
w:1522150:6	ลักษณนามของภาพยนตร์, รายการทีวี
w:1522150:7	ลักษณนามของโทรศัพท์, จดหมาย, อีเมล (สาย, ฉบับ)
w:1522150:8	ลักษณนามของประตู (ที่ยิงได้), โฮมรัน
w:1522150:9	ลักษณนามของแต้ม (ในยูโด, เคนโด)
w:1392580:1	ข้างหน้า, ด้านหน้า (ของ...)
w:1392580:2	ก่อน, ก่อนหน้านี้, ที่แล้ว, (อีก...นาที) จะถึง (ชั่วโมง)
w:1392580:3	ด้านหน้า, หัว (แถว)
w:1392580:4	ไปข้างหน้า
w:1392580:5	ต่อหน้า (ใคร)
w:1392580:6	ก่อนหน้า (หน้า, นัด), ครึ่งแรก, อดีต (ตัวอย่าง)
w:1392580:7	ส่วน, ที่ (อาหาร เช่น 二人前 สองที่)
w:1392580:8	ด้านหน้า (ของร่างกาย, เสื้อผ้า)
w:1392580:9	อวัยวะเพศ
w:1392580:10	ประวัติอาชญากรรม	ภาษาพูด
w:1495000:1	ไม่อร่อย, รสชาติแย่
w:1495000:2	ไม่เก่ง, งุ่มง่าม
w:1495000:3	ไม่สวย, หน้าตาธรรมดา
w:1495000:4	ไม่ดี, มีปัญหา, ไม่ควร
w:1495000:5	แย่แล้ว!, ซวยแล้ว!
w:1527110:1	ยัง...อยู่, เพียง
w:1527110:2	ยังไม่... (ใช้กับรูปปฏิเสธ)
w:1527110:3	อีก, ยังมีอีก
w:1527110:4	ยังดีกว่า, ค่อนข้าง
w:1527110:5	ยังไม่เสร็จ
w:1580600:1	ตรง (ไปข้างหน้า), โดยตรง, ตั้งตรง
w:1580600:2	ตรงไปตรงมา, ซื่อสัตย์
w:1584460:1	หนึ่งหมื่น, 10,000
w:1584460:2	มากมายนับไม่ถ้วน
w:1584460:3	ทุกสิ่ง, ทั้งหมด
w:1584460:4	หลากหลาย	คำโบราณ
w:1523940:1	ขัด, ขัดเงา, ถู, แปรง (ฟัน), ฝน (เลนส์)
w:1523940:2	ฝึกฝน (ทักษะ), ขัดเกลา (นิสัย)
w:1582120:1	ร้าน, ร้านค้า, ร้านอาหาร
w:1301330:1	วันที่ 3 ของเดือน
w:1301330:2	สามวัน
w:1561470:1	วันที่ 6 ของเดือน
w:1561470:2	หกวัน
w:1585315:1	หก (อัน, ชิ้น)
w:1585315:2	อายุหกขวบ
w:1585315:3	หกโมง (ในระบบเวลาญี่ปุ่นโบราณ)
w:1132570:1	เมตร
w:1132570:2	มาตรวัด, มิเตอร์
w:1012480:1	แล้ว, ...แล้ว, (ไม่) อีกต่อไป
w:1012480:2	อีกไม่นาน, เร็วๆ นี้
w:1012480:3	อีก (เช่น อีกหนึ่ง, อีกครั้ง)
w:1012480:4	โธ่!, จริงๆ เลย!
w:1012480:5	จริงๆ, สุดๆ
w:2005860:1	อีกครั้ง
w:1534890:1	วันพฤหัสบดี
w:1012620:1	มากกว่านี้, อีก
w:1502390:1	สิ่งของ, ของ, วัตถุ
w:1502390:2	ข้าวของ, ทรัพย์สิน
w:1502390:3	สิ่ง (ต่างๆ), อะไรก็ได้
w:1502390:4	คุณภาพ
w:1502390:5	เหตุผล, ธรรมดาของโลก
w:1502390:6	ใช้เน้นความรู้สึก, บอกสิ่งที่เคยทำเป็นประจำในอดีต (～たものだ), บอกแนวโน้มทั่วไป, บอกสิ่งที่ควรทำ (～ものだ)
w:1502390:7	เรื่อง/งานแนว... (ต่อท้าย เช่น 時代物 เรื่องย้อนยุค)
w:1502390:8	เรื่องที่ทำให้... (ต่อท้าย)
w:1502390:9	ค่อนข้าง..., อย่างไรไม่รู้ (คำนำหน้า เช่น 物寂しい)
w:1502390:10	จริงๆ (คำนำหน้า)
w:1583095:1	แปด (อัน, ชิ้น)
w:1583095:2	อายุแปดขวบ
w:1583095:3	บ่ายสองโมง (ในระบบเวลาญี่ปุ่นโบราณ)
w:1012980:1	ทำ, เล่น (เกม), เรียน	ภาษาพูด (ไม่สุภาพเท่า する)
w:1012980:2	ส่งไป
w:1012980:3	วาง, ย้าย, หัน (หน้า, สายตา)
w:1012980:4	ให้ (คนที่เท่ากันหรือต่ำกว่า, สัตว์, ต้นไม้)
w:1012980:5	เร่ง (รถ)
w:1012980:6	ประกอบกิจการ, ประกอบอาชีพ (ทนาย, หมอ)
w:1012980:7	กิน, ดื่ม, สูบ
w:1012980:8	จัดแสดง, แสดง
w:1012980:9	ปลดปล่อย (ความกังวล)
w:1012980:10	ทำร้าย, ฆ่า	ภาษาพูด
w:1012980:11	มีเพศสัมพันธ์	คำหยาบ
w:1012980:12	ใช้ชีวิต, อยู่รอด, เข้ากันได้
w:1012980:13	...จนหมด (ต่อท้ายกริยา)
w:1012980:14	...ไปไกล (ต่อท้ายกริยา เช่น 見やる มองออกไป)
w:1012980:15	ทำ...ให้ (คนที่เท่ากันหรือต่ำกว่า) (ต่อจากกริยารูป て)
w:1012980:16	จะ...ให้ได้ (แสดงความตั้งใจ ต่อจากกริยารูป て)
w:1012980:17	เป็น (โรค)
w:1013050:1	ช้าๆ, ไม่รีบร้อน, ตามสบาย
w:1013050:2	(ทันเวลา) สบายๆ, เพียงพอ
w:1013050:3	(นอน) เต็มอิ่ม, สบาย
w:1476920:1	วันที่ 8 ของเดือน
w:1476920:2	แปดวัน
w:1605870:1	อย่างดี, อย่างเหมาะสม, อย่างชำนาญ
w:1605870:2	บ่อยๆ
w:1605870:3	ดีใจที่..., ขอบคุณที่... (เช่น よく来てくれた ดีใจที่มา)
w:1605870:4	กล้าดียังไง...
w:1307320:1	วันที่ 4 ของเดือน
w:1307320:2	สี่วัน
w:1138860:1	วิทยุ
w:1138960:1	วิทยุเทป	คำย่อ
w:1144940:1	แผ่นเสียง
w:1144940:2	สถิติ (โดยเฉพาะกีฬา)
w:1144940:3	เรคคอร์ด (โครงสร้างข้อมูล)
w:1145310:1	ร้านอาหาร (โดยเฉพาะแบบตะวันตก)
w:1148640:1	เสื้อเชิ้ต (แบบทางการ)
w:1519210:1	ลืม, ลืมทิ้งไว้
w:1013190:1	กว่า (ใช้เปรียบเทียบ)
w:1013190:2	แทนที่จะ..., มากกว่า...
w:1013190:3	จาก, ตั้งแต่ (ภาษาเขียน)
w:1013190:4	นอกจาก, ยกเว้น
w:1013190:5	ยิ่งขึ้น, มากขึ้น
w:1329015:1	เหล้า, สาเก	คำสุภาพ
w:1299685:1	จาน	คำสุภาพ
w:2261490:1	ลุง, อา, น้า (ผู้ชาย)
w:2261490:2	คุณลุง (เรียกชายวัยกลางคน)
w:2261490:3	ปลาแพะ (ปลาชนิดหนึ่ง)
w:2261500:1	ป้า, อา, น้า (ผู้หญิง)
w:1078810:1	เครื่องบันทึกเทป
w:1138900:1	วิทยุเทป, เครื่องบันทึกเทป
w:2842390:1	ข้าพเจ้า, ดิฉัน, กระผม	คำสุภาพกว่า わたし
w:2842390:2	ส่วนตัว (เรื่อง ฯลฯ)
w:2842390:3	ความเห็นแก่ตัว, ความลำเอียง
w:2842390:4	ความลับ
